<?xml version="1.0" encoding="UTF-8"?>
<project-private xmlns="http://www.netbeans.org/ns/project-private/1">
    <editor-bookmarks xmlns="http://www.netbeans.org/ns/editor-bookmarks/2" lastBookmarkId="0"/>
    <open-files xmlns="http://www.netbeans.org/ns/projectui-open-files/2">
        <group>
            <file>file:/Users/yasha/Dropbox/Junior/Clubs/Robotics/scouting%20app/frc2014scout/WebApp/PHP/GLOBAL.php</file>
            <file>file:/Users/yasha/Dropbox/Junior/Clubs/Robotics/scouting%20app/frc2014scout/WebApp/PHP/scoutSave.php</file>
            <file>file:/Users/yasha/Dropbox/Junior/Clubs/Robotics/scouting%20app/frc2014scout/WebApp/PHP/scoutStylesheet.css</file>
            <file>file:/Users/yasha/Dropbox/Junior/Clubs/Robotics/scouting%20app/frc2014scout/WebApp/PHP/scout.html</file>
            <file>file:/Users/yasha/Dropbox/Junior/Clubs/Robotics/scouting%20app/frc2014scout/WebApp/PHP/read.php</file>
            <file>file:/Users/yasha/Dropbox/Junior/Clubs/Robotics/scouting%20app/frc2014scout/WebApp/PHP/index.php</file>
            <file>file:/Users/yasha/Dropbox/Junior/Clubs/Robotics/scouting%20app/frc2014scout/WebApp/PHP/scoutRead.php</file>
            <file>file:/Users/yasha/Dropbox/Junior/Clubs/Robotics/scouting%20app/frc2014scout/WebApp/PHP/scoutScript.js</file>
        </group>
    </open-files>
</project-private>
